order_id,customer_id,restaurant_id,courier_id,order_date,order_total,status,delivery_minutes,rating
9001,30,102,503,2025-06-18,69.24,delivered,56,5
9002,42,112,508,2025-02-08,57.17,delivered,27,5
9003,107,112,507,2025-06-29,22.17,delivered,51,3
9004,73,114,501,2025-06-25,77.18,delivered,61,1
9005,83,104,502,2025-01-08,58.51,cancelled,,
9006,14,107,508,2025-05-23,13.38,cancelled,,
9007,69,111,504,2025-05-06,45.36,delivered,22,3
9008,65,115,502,2025-06-18,66.44,delivered,48,5
9009,10,114,505,2025-03-02,26.98,delivered,65,4
9010,59,108,507,2025-01-20,61.91,delivered,67,5
9011,81,111,504,2025-01-20,36.22,delivered,59,3
9012,39,110,503,2025-01-04,47.46,delivered,61,5
9013,28,111,508,2025-03-16,32.84,delivered,47,4
9014,16,115,504,2025-03-21,80.35,delivered,19,5
9015,10,114,508,2025-03-10,78.91,delivered,31,5
9016,12,103,505,2025-04-03,71.88,cancelled,,
9017,66,105,502,2025-06-30,48.35,delivered,74,4
9018,4,103,501,2025-05-06,41.6,delivered,64,5
9019,45,107,506,2025-01-31,12.13,delivered,66,5
9020,51,102,504,2025-01-04,33.16,delivered,41,5
9021,50,114,502,2025-04-03,67.16,delivered,72,5
9022,14,101,505,2025-06-12,30.2,delivered,35,4
9023,41,104,506,2025-04-20,71.27,delivered,58,5
9024,113,109,504,2025-01-21,65.46,cancelled,,
9025,58,110,503,2025-06-14,47.45,delivered,53,5
9026,61,107,506,2025-03-14,65.95,delivered,59,5
9027,84,104,505,2025-05-04,40.79,delivered,28,4
9028,10,104,508,2025-05-21,78.16,delivered,66,4
9029,18,109,504,2025-03-04,36.96,cancelled,,
9030,12,106,504,2025-04-05,53.58,delivered,74,5
9031,112,107,507,2025-04-16,27.33,delivered,35,5
9032,8,108,505,2025-05-28,21.19,delivered,50,4
9033,102,114,504,2025-01-24,30.14,delivered,43,4
9034,56,105,501,2025-02-02,63.79,cancelled,,
9035,115,113,508,2025-05-31,17.34,delivered,70,4
9036,60,108,504,2025-01-28,23.1,delivered,61,5
9037,106,112,508,2025-01-22,14.89,delivered,68,5
9038,73,115,501,2025-06-15,82.26,delivered,58,5
9039,82,107,502,2025-01-26,50.28,cancelled,,
9040,75,104,507,2025-03-08,55.88,delivered,18,4
9041,59,105,506,2025-06-15,29.69,delivered,51,5
9042,32,101,507,2025-06-30,16.04,delivered,30,4
9043,87,111,507,2025-01-21,60.72,delivered,41,5
9044,5,112,506,2025-04-18,40.93,delivered,18,3
9045,95,114,502,2025-02-22,26.63,delivered,67,3
9046,30,108,504,2025-03-09,33.53,delivered,57,4
9047,24,115,504,2025-05-05,60.57,delivered,56,5
9048,51,101,504,2025-01-07,22.36,delivered,21,4
9049,24,107,508,2025-03-22,84.82,delivered,28,5
9050,24,111,508,2025-01-09,64.95,delivered,71,5
9051,43,108,503,2025-01-28,32.43,cancelled,,
9052,45,107,502,2025-05-24,27.14,delivered,40,3
9053,40,114,507,2025-01-23,46.56,cancelled,,
9054,48,109,508,2025-02-19,65.82,delivered,48,5
9055,53,104,507,2025-01-11,45.88,delivered,69,2
9056,33,104,502,2025-06-05,31.88,delivered,57,5
9057,96,112,506,2025-03-12,64.67,delivered,56,2
9058,82,102,501,2025-03-01,64.24,cancelled,,
9059,60,113,507,2025-03-06,71.48,delivered,26,2
9060,24,101,505,2025-06-27,56.33,delivered,38,3
9061,59,106,502,2025-05-12,66.96,delivered,33,5
9062,84,101,508,2025-05-22,23.73,delivered,45,2
9063,10,105,502,2025-02-23,48.39,cancelled,,
9064,91,108,503,2025-03-01,45.65,cancelled,,
9065,115,111,504,2025-05-18,60.5,delivered,25,3
9066,38,105,505,2025-05-26,30.55,delivered,34,5
9067,32,103,504,2025-03-02,76.54,delivered,55,5
9068,9,107,505,2025-03-04,28.89,delivered,69,5
9069,60,101,502,2025-01-02,71.79,delivered,71,4
9070,48,101,505,2025-03-01,25.84,cancelled,,
9071,106,110,504,2025-01-20,75.23,delivered,46,4
9072,100,113,501,2025-01-28,63.81,delivered,40,5
9073,48,106,503,2025-01-12,30.61,delivered,56,3
9074,117,104,501,2025-03-25,39.14,delivered,57,5
9075,27,101,508,2025-05-21,41.8,delivered,68,5
9076,71,103,502,2025-06-17,62.76,delivered,44,1
9077,86,105,507,2025-01-14,53.36,delivered,40,5
9078,3,114,506,2025-06-14,65.15,delivered,31,2
9079,56,115,503,2025-04-19,18.61,cancelled,,
9080,74,115,506,2025-04-28,21.49,delivered,21,4
9081,83,113,507,2025-01-23,79.69,delivered,65,4
9082,19,106,505,2025-02-11,79.56,delivered,24,5
9083,97,113,504,2025-03-19,80.84,cancelled,,
9084,117,108,506,2025-01-14,58.45,delivered,23,2
9085,80,112,503,2025-06-13,28.21,delivered,43,4
9086,26,114,508,2025-02-16,15.05,delivered,51,5
9087,46,102,503,2025-03-05,71.54,delivered,30,5
9088,72,114,501,2025-06-20,20.59,delivered,56,4
9089,109,111,505,2025-06-16,54.53,delivered,45,5
9090,48,108,508,2025-02-15,57.18,cancelled,,
9091,63,108,504,2025-04-25,68.94,delivered,47,3
9092,104,108,507,2025-01-28,38.18,cancelled,,
9093,47,102,508,2025-05-10,14.98,delivered,58,5
9094,119,112,506,2025-05-11,66.9,cancelled,,
9095,115,107,503,2025-01-07,84.72,delivered,64,4
9096,15,104,503,2025-05-06,71.2,delivered,68,5
9097,101,112,504,2025-01-17,56.56,delivered,34,5
9098,115,110,505,2025-04-27,48.66,delivered,48,5
9099,34,110,504,2025-03-23,26.52,delivered,43,5
9100,120,105,506,2025-04-07,69.3,delivered,25,3
9101,7,111,506,2025-04-26,54.34,delivered,74,2
9102,33,109,507,2025-04-06,84.31,delivered,54,5
9103,43,113,502,2025-04-24,56.92,delivered,21,5
9104,67,105,505,2025-06-13,75.53,delivered,60,2
9105,94,101,501,2025-02-26,56.97,delivered,45,5
9106,47,115,501,2025-02-03,56.71,delivered,20,5
9107,1,110,506,2025-03-19,38.07,cancelled,,
9108,29,107,505,2025-05-31,38.74,cancelled,,
9109,107,108,503,2025-02-04,70.51,cancelled,,
9110,91,103,508,2025-01-25,22.56,cancelled,,
9111,86,113,505,2025-04-13,82.6,delivered,21,4
9112,72,115,506,2025-06-02,44.39,delivered,51,3
9113,32,103,501,2025-01-12,13.84,cancelled,,
9114,24,104,503,2025-01-15,19.66,delivered,57,4
9115,26,103,507,2025-02-21,58.92,delivered,59,4
9116,105,110,503,2025-05-11,33.92,delivered,21,1
9117,93,113,508,2025-05-18,73.64,cancelled,,
9118,96,115,508,2025-01-21,45.03,delivered,32,1
9119,34,104,501,2025-02-01,66.72,delivered,62,2
9120,34,112,501,2025-03-10,61.58,delivered,61,3
9121,67,105,505,2025-06-14,77.27,delivered,23,2
9122,2,103,505,2025-03-02,26.8,delivered,28,3
9123,42,104,507,2025-03-26,39.7,delivered,72,4
9124,89,111,508,2025-05-01,62.93,delivered,72,5
9125,93,104,505,2025-02-24,54.73,delivered,54,2
9126,19,101,501,2025-01-29,79.81,cancelled,,
9127,45,103,501,2025-01-08,62.56,cancelled,,
9128,82,101,502,2025-01-12,55.1,cancelled,,
9129,47,104,502,2025-04-09,27.02,cancelled,,
9130,15,101,501,2025-06-12,66.85,cancelled,,
9131,81,105,508,2025-01-26,69.81,cancelled,,
9132,83,104,505,2025-03-23,31.06,delivered,40,5
9133,37,101,506,2025-03-24,55.95,delivered,48,3
9134,80,112,501,2025-04-16,49.86,cancelled,,
9135,13,106,508,2025-06-30,53.33,cancelled,,
9136,92,114,502,2025-05-28,24.44,delivered,18,4
9137,37,113,501,2025-01-02,18.99,delivered,62,3
9138,24,108,506,2025-05-12,80.9,delivered,36,3
9139,90,104,508,2025-02-12,58.47,cancelled,,
9140,11,108,502,2025-06-10,18.95,delivered,43,2
9141,96,102,507,2025-06-15,27.05,cancelled,,
9142,34,107,503,2025-04-08,58.04,delivered,47,5
9143,77,113,501,2025-03-31,50.09,delivered,73,3
9144,85,109,506,2025-02-13,62.3,delivered,34,4
9145,17,106,508,2025-06-14,29.37,delivered,30,5
9146,97,112,503,2025-02-09,64.79,delivered,56,4
9147,21,104,506,2025-02-18,81.71,delivered,24,5
9148,85,102,504,2025-04-09,22.83,delivered,37,3
9149,56,105,504,2025-01-28,19.8,delivered,31,2
9150,60,101,501,2025-04-13,43.87,delivered,32,4
9151,81,105,508,2025-01-06,56.07,delivered,43,5
9152,32,115,507,2025-06-29,66.68,delivered,44,3
9153,86,112,504,2025-06-23,21.07,delivered,45,5
9154,81,112,502,2025-04-18,41.21,delivered,63,4
9155,33,114,507,2025-05-04,57.37,delivered,44,4
9156,85,115,503,2025-06-17,12.78,delivered,71,4
9157,14,101,505,2025-05-20,64.28,delivered,30,4
9158,13,114,508,2025-05-19,46.73,delivered,19,4
9159,107,106,506,2025-04-16,45.35,delivered,61,5
9160,66,113,502,2025-06-07,16.13,delivered,35,5
9161,8,101,502,2025-04-18,57.89,delivered,61,5
9162,34,102,504,2025-03-19,80.61,delivered,51,1
9163,103,107,508,2025-02-24,79.85,delivered,22,3
9164,82,104,508,2025-06-14,28.5,delivered,27,5
9165,82,114,507,2025-04-30,67.47,delivered,59,5
9166,107,108,506,2025-02-28,39.46,delivered,34,1
9167,87,103,508,2025-01-01,70.32,delivered,40,5
9168,39,106,508,2025-05-05,58.52,delivered,60,2
9169,20,115,505,2025-04-09,72.44,cancelled,,
9170,116,106,503,2025-05-16,58.22,delivered,18,4
9171,27,102,505,2025-03-06,54.23,delivered,72,5
9172,100,108,506,2025-02-09,41.38,delivered,52,5
9173,115,112,502,2025-06-21,52.04,delivered,58,3
9174,26,108,504,2025-05-16,73.27,cancelled,,
9175,86,115,502,2025-05-23,42.59,cancelled,,
9176,106,103,508,2025-05-07,47.36,delivered,75,5
9177,63,104,508,2025-02-12,74.99,delivered,18,5
9178,42,108,508,2025-06-20,46.0,delivered,45,5
9179,87,102,503,2025-06-13,59.2,delivered,19,4
9180,88,112,506,2025-01-25,47.38,delivered,75,5
9181,28,112,507,2025-06-10,18.9,cancelled,,
9182,85,106,506,2025-05-02,52.45,delivered,31,5
9183,44,107,505,2025-05-22,33.11,cancelled,,
9184,46,114,508,2025-04-14,83.85,delivered,73,4
9185,27,111,508,2025-01-31,35.15,delivered,37,5
9186,82,102,501,2025-04-13,76.65,delivered,52,4
9187,52,105,502,2025-01-02,72.0,cancelled,,
9188,61,110,501,2025-05-09,56.66,delivered,57,5
9189,87,112,502,2025-02-24,58.25,cancelled,,
9190,81,113,503,2025-01-26,75.45,delivered,44,3
9191,118,115,501,2025-04-05,22.12,delivered,37,4
9192,34,114,505,2025-02-17,35.25,delivered,45,4
9193,75,115,501,2025-05-08,14.87,delivered,25,3
9194,54,110,507,2025-04-25,61.64,cancelled,,
9195,77,110,503,2025-05-02,52.06,delivered,23,4
9196,28,115,503,2025-06-10,12.35,cancelled,,
9197,88,111,502,2025-01-23,20.86,delivered,48,5
9198,93,110,504,2025-04-26,25.68,delivered,21,5
9199,96,112,503,2025-01-22,52.7,delivered,49,4
9200,120,115,505,2025-01-14,12.83,delivered,18,2
9201,88,114,502,2025-04-10,65.25,delivered,28,1
9202,107,108,501,2025-03-22,53.97,delivered,46,4
9203,22,103,502,2025-04-03,23.97,delivered,69,5
9204,50,113,508,2025-03-11,53.38,delivered,36,5
9205,80,111,506,2025-06-05,13.13,delivered,27,4
9206,40,110,507,2025-03-05,61.99,delivered,56,3
9207,30,113,508,2025-03-14,35.47,delivered,35,4
9208,76,115,501,2025-03-15,71.26,delivered,73,1
9209,19,105,508,2025-03-30,51.42,delivered,49,3
9210,26,113,504,2025-03-21,61.47,delivered,47,4
9211,119,105,501,2025-04-09,18.4,delivered,69,5
9212,9,104,507,2025-05-29,30.95,delivered,71,4
9213,62,109,504,2025-02-18,18.73,delivered,69,4
9214,47,110,506,2025-04-14,74.56,delivered,33,5
9215,64,106,502,2025-04-06,69.48,delivered,27,5
9216,4,106,505,2025-05-13,18.87,delivered,31,1
9217,111,110,508,2025-05-31,31.1,delivered,67,5
9218,13,108,503,2025-03-07,36.74,delivered,29,5
9219,4,101,501,2025-05-23,63.51,delivered,49,2
9220,117,115,502,2025-06-03,79.32,delivered,63,1
9221,33,106,504,2025-06-14,79.22,cancelled,,
9222,65,107,503,2025-04-25,39.08,delivered,33,1
9223,29,103,501,2025-03-07,16.33,delivered,53,2
9224,108,115,501,2025-03-08,63.8,delivered,59,3
9225,62,101,502,2025-02-07,12.42,delivered,30,4
9226,39,110,508,2025-06-17,35.65,cancelled,,
9227,33,107,502,2025-04-06,24.31,delivered,33,3
9228,118,111,501,2025-04-30,26.24,delivered,20,5
9229,107,104,502,2025-06-08,76.88,delivered,26,3
9230,13,115,507,2025-01-06,45.02,delivered,39,5
9231,30,108,502,2025-06-10,36.23,delivered,65,5
9232,92,108,503,2025-04-23,31.45,delivered,44,5
9233,4,105,505,2025-03-27,31.03,delivered,24,5
9234,116,108,502,2025-02-09,16.15,delivered,75,3
9235,119,104,508,2025-03-15,67.1,cancelled,,
9236,47,107,505,2025-03-03,19.12,delivered,36,5
9237,21,101,505,2025-02-06,13.17,delivered,69,4
9238,66,103,508,2025-01-01,80.89,delivered,36,5
9239,56,101,507,2025-02-25,25.19,delivered,71,5
9240,99,104,503,2025-02-20,72.51,delivered,74,4
9241,64,113,505,2025-02-14,56.71,delivered,63,4
9242,25,110,505,2025-02-21,62.53,cancelled,,
9243,67,107,501,2025-05-13,36.47,delivered,71,4
9244,64,102,501,2025-04-15,46.79,delivered,73,4
9245,32,103,506,2025-01-10,39.1,delivered,56,3
9246,46,109,508,2025-05-13,38.04,cancelled,,
9247,32,114,506,2025-04-08,77.56,delivered,36,2
9248,94,108,508,2025-05-12,70.73,cancelled,,
9249,18,101,504,2025-01-23,25.31,delivered,24,5
9250,72,114,501,2025-01-05,63.02,cancelled,,
9251,25,105,501,2025-06-03,45.87,delivered,33,4
9252,14,106,502,2025-02-15,20.98,cancelled,,
9253,64,110,505,2025-01-29,41.61,cancelled,,
9254,18,109,504,2025-02-28,53.82,delivered,65,5
9255,106,101,507,2025-06-27,73.3,delivered,51,5
9256,7,113,506,2025-03-28,73.22,delivered,63,4
9257,73,113,506,2025-04-13,15.91,delivered,51,5
9258,88,115,506,2025-03-05,60.41,delivered,18,5
9259,68,103,502,2025-03-25,48.85,delivered,19,5
9260,54,107,508,2025-06-12,83.55,cancelled,,
9261,114,101,501,2025-06-14,79.01,delivered,57,5
9262,70,113,501,2025-06-09,20.88,cancelled,,
9263,2,107,504,2025-01-11,34.3,delivered,59,5
9264,8,110,505,2025-01-22,50.97,delivered,27,4
9265,66,103,505,2025-04-15,32.01,delivered,65,5
9266,70,105,508,2025-06-06,28.18,delivered,42,5
9267,91,106,508,2025-05-21,46.88,delivered,70,5
9268,32,106,504,2025-02-18,39.97,delivered,55,5
9269,119,106,503,2025-03-03,35.76,delivered,35,5
9270,28,105,501,2025-01-06,16.88,delivered,73,5
9271,85,101,507,2025-04-23,67.69,delivered,51,5
9272,87,112,503,2025-04-17,37.73,delivered,61,5
9273,79,114,505,2025-05-13,74.51,cancelled,,
9274,119,113,508,2025-03-10,63.72,delivered,63,5
9275,112,102,501,2025-04-16,54.77,delivered,49,5
9276,74,103,507,2025-03-13,56.34,delivered,42,3
9277,89,108,505,2025-04-01,40.52,delivered,53,4
9278,83,106,501,2025-05-08,33.9,delivered,52,5
9279,19,107,507,2025-05-29,71.98,delivered,39,5
9280,108,110,504,2025-03-25,43.13,delivered,18,5
9281,33,110,508,2025-03-18,68.46,delivered,52,4
9282,56,109,507,2025-04-10,14.97,delivered,61,5
9283,2,111,502,2025-05-15,41.89,delivered,50,5
9284,72,115,503,2025-02-18,47.53,delivered,46,3
9285,116,110,506,2025-06-27,71.56,delivered,28,5
9286,47,102,505,2025-05-12,59.88,delivered,36,4
9287,106,115,507,2025-06-11,33.16,delivered,50,5
9288,115,104,507,2025-02-16,53.24,cancelled,,
9289,14,106,501,2025-06-27,69.5,delivered,37,4
9290,71,101,505,2025-04-12,54.79,delivered,60,5
9291,23,108,505,2025-06-15,49.55,delivered,27,4
9292,53,110,502,2025-02-07,67.44,delivered,24,5
9293,10,103,508,2025-04-30,70.88,delivered,21,4
9294,88,113,506,2025-02-06,37.83,delivered,28,5
9295,81,102,502,2025-03-31,57.55,delivered,19,5
9296,114,107,501,2025-04-23,29.4,cancelled,,
9297,29,101,503,2025-05-31,34.98,delivered,75,3
9298,59,105,507,2025-06-04,76.74,delivered,22,5
9299,50,111,504,2025-04-16,75.9,delivered,49,5
9300,112,104,502,2025-02-14,39.67,delivered,18,1
9301,38,107,506,2025-01-30,75.62,delivered,39,5
9302,9,102,507,2025-03-31,40.28,delivered,47,5
9303,31,107,501,2025-03-13,36.92,delivered,27,5
9304,17,102,504,2025-03-11,69.48,delivered,53,4
9305,108,113,504,2025-02-10,27.8,delivered,43,5
9306,75,104,505,2025-05-02,28.59,delivered,46,4
9307,91,105,508,2025-05-31,51.03,delivered,43,4
9308,28,103,502,2025-06-23,51.61,delivered,35,3
9309,98,107,501,2025-06-18,22.59,delivered,18,5
9310,12,112,503,2025-03-01,60.38,delivered,24,5
9311,117,106,505,2025-02-19,34.72,cancelled,,
9312,29,105,503,2025-04-13,41.45,delivered,47,3
9313,113,111,503,2025-03-12,38.76,delivered,69,4
9314,45,115,507,2025-01-07,63.05,delivered,33,1
9315,52,106,502,2025-02-16,31.77,delivered,56,3
9316,92,111,501,2025-04-14,23.83,cancelled,,
9317,26,113,505,2025-02-09,14.86,delivered,37,4
9318,23,110,504,2025-05-26,50.02,delivered,45,4
9319,74,106,501,2025-01-29,68.68,delivered,36,2
9320,113,114,501,2025-03-04,14.71,delivered,38,5
9321,118,106,502,2025-04-17,40.74,delivered,65,4
9322,29,105,502,2025-03-31,42.95,delivered,39,4
9323,95,112,508,2025-05-11,62.97,cancelled,,
9324,55,111,503,2025-05-06,15.19,delivered,62,3
9325,72,105,503,2025-05-20,69.0,delivered,33,4
9326,32,101,503,2025-04-02,18.76,delivered,58,5
9327,18,111,508,2025-06-21,63.51,delivered,18,4
9328,57,103,506,2025-06-28,76.58,delivered,27,4
9329,31,106,502,2025-05-21,80.71,delivered,61,4
9330,77,108,507,2025-02-22,33.12,cancelled,,
9331,47,108,504,2025-01-12,32.5,cancelled,,
9332,26,102,505,2025-04-25,23.78,delivered,46,4
9333,47,105,503,2025-05-23,12.79,cancelled,,
9334,97,108,502,2025-03-26,53.15,delivered,24,4
9335,56,108,504,2025-05-20,38.23,delivered,23,4
9336,81,110,505,2025-06-17,22.12,delivered,19,5
9337,51,114,503,2025-03-17,82.23,delivered,51,3
9338,119,111,503,2025-01-27,72.62,delivered,65,4
9339,49,103,506,2025-03-23,21.95,delivered,41,3
9340,33,104,501,2025-01-11,70.6,cancelled,,
9341,118,114,507,2025-01-13,48.09,delivered,49,3
9342,39,110,502,2025-02-06,23.95,delivered,46,4
9343,52,102,501,2025-04-23,27.93,delivered,41,5
9344,108,110,507,2025-02-06,60.3,delivered,50,4
9345,114,106,502,2025-04-23,81.79,cancelled,,
9346,23,115,503,2025-04-07,44.35,delivered,54,4
9347,73,104,508,2025-01-22,49.72,delivered,45,1
9348,117,111,503,2025-04-13,57.25,delivered,69,3
9349,93,111,506,2025-06-05,53.25,delivered,44,1
9350,62,111,503,2025-03-18,50.72,delivered,58,5
9351,25,104,508,2025-06-26,60.22,cancelled,,
9352,48,109,507,2025-04-03,53.23,delivered,43,5
9353,30,103,504,2025-05-21,28.15,delivered,71,5
9354,13,104,505,2025-05-06,45.45,delivered,52,4
9355,15,112,502,2025-04-15,70.42,delivered,26,3
9356,71,109,502,2025-06-10,64.68,delivered,24,4
9357,88,107,503,2025-02-19,68.57,delivered,26,5
9358,80,101,507,2025-03-02,15.05,cancelled,,
9359,90,110,504,2025-04-28,63.64,delivered,45,2
9360,12,110,504,2025-05-25,65.16,cancelled,,
9361,46,103,506,2025-03-29,65.73,delivered,18,3
9362,16,104,506,2025-05-12,81.21,delivered,64,4
9363,105,110,506,2025-01-26,35.9,delivered,56,5
9364,119,115,504,2025-03-07,62.66,delivered,19,3
9365,75,108,502,2025-01-06,17.38,delivered,34,5
9366,71,115,505,2025-06-25,73.04,delivered,55,2
9367,69,112,505,2025-04-24,36.99,cancelled,,
9368,20,108,508,2025-01-09,14.59,delivered,29,4
9369,83,111,507,2025-05-02,62.58,delivered,46,5
9370,112,110,502,2025-04-03,27.79,delivered,75,5
9371,80,101,504,2025-02-13,65.09,delivered,39,4
9372,50,115,506,2025-03-22,54.28,cancelled,,
9373,43,104,501,2025-03-05,84.01,delivered,20,4
9374,94,111,503,2025-03-11,16.63,delivered,34,5
9375,74,109,503,2025-06-28,52.93,cancelled,,
9376,99,102,504,2025-04-20,58.33,delivered,41,3
9377,102,113,504,2025-02-06,34.19,delivered,66,5
9378,47,109,504,2025-03-31,64.25,delivered,39,5
9379,44,111,506,2025-05-04,77.28,delivered,69,5
9380,45,103,503,2025-02-22,75.58,cancelled,,
9381,59,107,508,2025-04-12,34.08,delivered,28,4
9382,19,105,505,2025-03-06,52.24,delivered,39,5
9383,25,110,502,2025-05-30,54.38,delivered,47,5
9384,100,112,507,2025-01-18,35.31,delivered,29,5
9385,33,109,501,2025-02-12,29.29,delivered,19,5
9386,52,108,504,2025-06-04,48.64,delivered,24,5
9387,94,101,503,2025-06-03,17.36,cancelled,,
9388,105,115,506,2025-02-04,31.76,cancelled,,
9389,83,115,501,2025-06-13,14.01,delivered,38,5
9390,96,101,508,2025-04-14,70.43,delivered,29,5
9391,54,113,501,2025-01-23,36.42,delivered,49,1
9392,52,105,508,2025-01-04,35.13,cancelled,,
9393,84,106,501,2025-04-17,64.86,delivered,39,5
9394,3,103,504,2025-02-06,73.36,delivered,40,3
9395,55,106,503,2025-06-18,53.97,delivered,32,3
9396,34,114,508,2025-01-09,34.58,delivered,67,4
9397,91,108,505,2025-04-03,80.69,delivered,26,5
9398,72,108,502,2025-06-17,83.31,delivered,27,1
9399,30,107,502,2025-01-08,20.92,delivered,52,4
9400,72,113,503,2025-03-08,38.69,delivered,27,2
9401,112,112,503,2025-05-16,68.8,cancelled,,
9402,32,108,508,2025-02-24,37.13,delivered,69,5
9403,28,106,501,2025-01-28,13.13,delivered,69,4
9404,52,111,506,2025-01-16,39.45,delivered,42,2
9405,81,114,504,2025-01-08,31.15,delivered,45,5
9406,46,104,506,2025-04-19,33.79,delivered,49,5
9407,73,113,503,2025-05-03,75.46,delivered,35,1
9408,18,114,505,2025-03-14,12.29,cancelled,,
9409,112,115,504,2025-02-11,56.55,delivered,46,5
9410,7,115,504,2025-04-03,68.5,cancelled,,
9411,57,103,507,2025-02-05,33.72,delivered,19,3
9412,20,115,501,2025-02-04,23.01,delivered,65,5
9413,97,103,508,2025-06-24,42.24,delivered,59,2
9414,92,107,506,2025-01-09,26.7,delivered,58,4
9415,5,103,504,2025-05-28,19.66,delivered,19,5
9416,115,106,502,2025-01-29,47.58,cancelled,,
9417,18,109,507,2025-01-01,62.03,delivered,27,4
9418,70,109,502,2025-05-16,48.23,delivered,22,5
9419,28,114,504,2025-01-19,24.94,delivered,34,5
9420,6,104,501,2025-04-15,81.49,delivered,35,5
